5,249,Alabama-Bibb,44007,1,161,32.99642064,-87.1251146
952,248,Wyoming-Sublette,44006,0,5,42.76558279,-109.9130922
941,247,Wisconsin-Richland,44006,4,15,43.3762778,-90.43012729
940,246,Wisconsin-Polk,44006,1,41,45.46130348,-92.44182875
934,245,Wisconsin-Langlade,44006,0,7,45.26271619,-89.07483625
926,244,Wisconsin-Grant,44006,13,134,42.8671731,-90.7063218
919,243,West Virginia-Webster,44006,0,0,38.49370949,-80.4202023
904,242,West Virginia-Boone,44006,0,19,38.01974191,-81.69888019
871,241,Virginia-York,44006,3,106,37.24374789,-76.54412815
868,240,Virginia-Warren,44006,4,266,38.90847745,-78.20280433
863,239,Virginia-Rockingham,44006,9,663,38.51006137,-78.87260325
874,238,Virginia-Fairfax City,44006,7,69,38.85157547,-77.2977964
839,237,Vermont-Washington,44006,1,41,44.27343241,-72.61604978
831,236,Utah-Duchesne,44006,0,0,40.29772254,-110.425237
822,235,Texas-Taylor,44006,5,198,32.30163422,-99.89007449
816,234,Texas-Parker,44006,1,150,32.77757172,-97.80500621
804,233,Texas-Liberty,44006,3,213,30.15152688,-94.81205615
796,232,Texas-Jefferson,44006,32,689,29.8832777,-94.16434171
794,231,Texas-Jackson,44006,1,18,28.95472367,-96.57749563
781,230,Texas-Floyd,44006,1,22,34.07227468,-101.3031546
779,229,Texas-Erath,44006,1,47,32.23602653,-98.21773417
769,228,Texas-Burnet,44006,3,75,30.78801353,-98.181887
760,227,Tennessee-Sullivan,44006,2,77,36.51240691,-82.30412917
754,226,Tennessee-Pickett,44006,0,6,36.55606529,-85.077633
739,225,Tennessee-Anderson,44006,2,77,36.12684348,-84.19965764
727,224,South Dakota-Hyde,44006,0,3,44.54747703,-99.48572582
718,223,South Carolina-Berkeley,44006,20,740,33.20222596,-79.94654523
715,222,South Carolina-Anderson,44006,10,505,34.51828081,-82.63959517
714,221,Rhode Island-Newport,44006,7,294,41.5642026,-71.26569799
973,220,Puerto Rico-Vega Alta,44006,0,12,18.409346,-66.33725
970,219,Puerto Rico-San German,44006,0,20,18.111484,-67.038581
964,218,Puerto Rico-Guanica,44006,0,18,17.982429,-66.919643
960,217,Puerto Rico-Catano,44006,0,14,18.437269,-66.143306
702,216,Pennsylvania-Greene,44006,0,33,39.85746531,-80.22357106
686,215,Oregon-Sherman,44006,0,1,45.41501554,-120.6827834
678,214,Oregon-Coos,44006,0,37,43.17406868,-124.0594514
675,213,Oklahoma-Washita,44006,0,3,35.29071824,-98.99180434
670,212,Oklahoma-Ottawa,44006,2,43,36.83532655,-94.81011909
666,211,Oklahoma-Murray,44006,0,14,34.48116015,-97.06826283
654,210,Oklahoma-Cherokee,44006,1,68,35.90692775,-94.99980896
641,209,Ohio-Shelby,44006,4,52,40.33163494,-84.20258189
639,208,Ohio-Scioto,44006,0,28,38.80270163,-82.98907345
991,207,Ohio-Out of OH,44006,0,0,0,0
628,206,Ohio-Hardin,44006,10,107,40.66015414,-83.65929931
625,205,Ohio-Carroll,44006,4,43,40.5789686,-81.09178213
618,204,North Dakota-Ward,44006,1,59,48.22390169,-101.5436763
608,203,North Dakota-Grant,44006,0,2,46.35821257,-101.6390013
600,202,North Carolina-Onslow,44006,3,231,34.72607366,-77.42908179
585,201,North Carolina-Chatham,44006,42,905,35.70394416,-79.25541492
584,200,North Carolina-Caswell,44006,1,125,36.39312665,-79.33353281
583,199,North Carolina-Caldwell,44006,4,339,35.95204977,-81.54799522
581,198,North Carolina-Buncombe,44006,37,523,35.61113393,-82.53305
570,197,New York-Schuyler,44006,0,12,42.39184015,-76.8773299
566,196,New York-Hamilton,44006,0,6,43.66146647,-74.49721957
548,195,New Jersey-Warren,44006,144,1227,40.85951833,-74.99556527
539,194,Nevada-White Pine,44006,0,3,39.44157041,-114.899966
537,193,Nevada-Mineral,44006,0,4,38.53841696,-118.4344506
527,192,Nebraska-Rock,44006,0,1,42.42252217,-99.44832069
497,191,Montana-Blaine,44006,0,0,48.43175214,-108.9582723
495,190,Missouri-Wayne,44006,0,3,37.11303869,-90.46001416
472,189,Missouri-Iron,44006,0,2,37.55487945,-90.7735296
465,188,Missouri-Boone,44006,2,288,38.99186229,-92.30723575
460,187,Missouri-Adair,44006,0,87,40.19058551,-92.60078167
458,186,Mississippi-Webster,44006,10,124,33.61300486,-89.28392912
455,185,Mississippi-Sunflower,44006,6,189,33.60192578,-90.58882684
453,184,Mississippi-Rankin,44006,12,636,32.26469147,-89.94537876
985,183,Mississippi-Out of MS,44006,0,0,0,0
449,182,Mississippi-Noxubee,44006,7,227,33.11009499,-88.56949061
442,181,Mississippi-Holmes,44006,39,496,33.12345854,-90.08923538
438,180,Mississippi-Choctaw,44006,3,67,33.34598242,-89.24809382
434,179,Mississippi-Alcorn,44006,1,41,34.88084463,-88.57996173
419,178,Minnesota-Brown,44006,2,23,44.24205652,-94.72562874
415,177,Michigan-St. Clair,44006,49,532,42.92655373,-82.67937954
410,176,Michigan-Missaukee,44006,1,24,44.33772443,-85.09256478
395,175,Michigan-Baraga,44006,0,1,46.6720582,-88.36363591
390,174,Massachusetts-Plymouth,44006,651,8258,41.94070556,-70.80802823
383,173,Maryland-Dorchester,44006,5,183,38.45413522,-76.02752426
378,172,Maine-Penobscot,44006,2,104,45.40194593,-68.65020455
365,171,Louisiana-Iberia,44006,42,535,29.86803617,-91.75871777
364,170,Louisiana-Grant,44006,1,81,31.59882456,-92.56124347
351,169,Kentucky-Perry,44006,1,53,37.25023553,-83.22922731
344,168,Kentucky-Livingston,44006,0,8,37.21137452,-88.34797529
330,167,Kentucky-Clinton,44006,0,5,36.72581156,-85.13377529
318,166,Kansas-Wabaunsee,44006,0,33,38.95471985,-96.20350509
313,165,Kansas-Stevens,44006,0,30,37.1923008,-101.3118967
305,164,Kansas-Rawlins,44006,0,0,39.78525843,-101.0761617
303,163,Kansas-Ottawa,44006,0,4,39.13237408,-97.65020313
301,162,Kansas-Neosho,44006,0,17,37.55862897,-95.30670046
296,161,Kansas-Labette,44006,0,50,37.19113093,-95.29849679
291,160,Kansas-Graham,44006,0,0,39.34987223,-99.88332493
288,159,Kansas-Ellis,44006,0,14,38.91458712,-99.31751551
286,158,Kansas-Douglas,44006,0,105,38.88503636,-95.2925121
285,157,Kansas-Doniphan,44006,0,25,39.79067154,-95.14056866
278,156,Kansas-Clark,44006,1,34,37.23577007,-99.81883015
273,155,Kansas-Atchison,44006,0,28,39.53185661,-95.30870026
267,154,Iowa-Union,44006,0,14,41.0277278,-94.24234847
264,153,Iowa-Mills,44006,0,31,41.03299766,-95.61920963
258,152,Iowa-Guthrie,44006,4,63,41.68378965,-94.50111014
256,151,Iowa-Greene,44006,0,28,42.03614551,-94.39658081
252,150,Iowa-Floyd,44006,1,50,43.0600053,-92.78940097
246,149,Iowa-Cedar,44006,1,64,41.77233777,-91.13246684
208,148,Illinois-Putnam,44006,0,1,41.2013541,-89.2869272
204,147,Illinois-Logan,44006,0,13,40.12581572,-89.36638784
200,146,Illinois-Jo Daviess,44006,1,39,42.36542373,-90.21094405
192,145,Illinois-Fayette,44006,3,23,39.00072038,-89.02452658
170,144,Hawaii-Honolulu,44006,11,584,21.45803166,-157.9712182
166,143,Georgia-Washington,44006,1,83,32.96711864,-82.79357039
164,142,Georgia-Walton,44006,26,361,33.78017694,-83.73552314
152,141,Georgia-Montgomery,44006,0,28,32.17201038,-82.53527476
124,140,Florida-Martin,44006,22,1639,27.0772071,-80.43109784
122,139,Florida-Levy,44006,1,154,29.31829741,-82.74007147
111,138,Connecticut-Windham,44006,14,588,41.82972709,-71.98182316
109,137,Connecticut-Middlesex,44006,179,1273,41.45949668,-72.53714864
105,136,Colorado-San Juan,44006,0,1,37.76248981,-107.6763289
89,135,Colorado-Jackson,44006,0,0,40.6659387,-106.3408905
80,134,Colorado-Custer,44006,0,2,38.10883162,-105.3683478
78,133,Colorado-Clear Creek,44006,1,18,39.68864463,-105.6463118
77,132,California-Yolo,44006,24,379,38.68278902,-121.9018288
975,131,California-Out of CA,44006,0,0,0,0
59,130,Arkansas-Randolph,44006,1,39,36.3415714,-91.02455531
55,129,Arkansas-Phillips,44006,3,91,34.43268455,-90.84800154
46,128,Arkansas-Grant,44006,0,28,34.29017991,-92.42320562
43,127,Arkansas-Fulton,44006,0,10,36.38177105,-91.81729127
23,126,Alabama-Walker,44006,12,761,33.80270512,-87.30027177
22,125,Alabama-Tallapoosa,44006,69,537,32.86698258,-85.79833053
9,124,Alabama-Dallas,44006,7,703,32.32688101,-87.1086671
951,123,Wyoming-Johnson,44005,1,19,44.04057166,-106.5845174
939,122,Wisconsin-Oneida,44005,0,17,45.70677897,-89.51944105
938,121,Wisconsin-Oconto,44005,0,49,45.02715345,-88.26807503
921,120,West Virginia-Wirt,44005,0,4,39.02775007,-81.37473928
909,119,West Virginia-Hampshire,44005,1,40,39.32103553,-78.60826476
897,118,Washington-Skamania,44005,0,3,46.02408726,-121.9164403
894,117,Washington-Okanogan,44005,2,63,48.54855019,-119.7387224
893,116,Washington-Mason,44005,1,44,47.35007586,-123.1863685
856,115,Virginia-New Kent,44005,1,50,37.50694406,-76.99828634
876,114,Virginia-Lexington,44005,0,10,37.78258621,-79.44262866
852,113,Virginia-Henrico,44005,138,2448,37.53460572,-77.39326555
1,112,Utah-Southeast Utah,44005,0,31,38.99617072,-110.7013958
834,111,Utah-Morgan,44005,0,0,41.08830262,-111.5727723
830,110,Utah-Beaver,44005,0,0,38.35657051,-113.2342232
826,109,Texas-Van Zandt,44005,3,39,32.56483801,-95.83766469
821,108,Texas-Swisher,44005,1,17,34.53028891,-101.7349174
812,107,Texas-Montague,44005,1,12,33.67521893,-97.72500958
810,106,Texas-Midland,44005,13,378,31.86904128,-102.0315682
795,105,Texas-Jefferson,44005,32,609,29.8832777,-94.16434171
791,104,Texas-Hopkins,44005,1,37,33.14875072,-95.56351139
789,103,Texas-Harris,44005,520,40834,29.85864939,-95.39339521
786,102,Texas-Hansford,44005,2,22,36.27743284,-101.3545796
780,101,Texas-Fayette,44005,2,49,29.87788372,-96.92076062
771,100,Texas-Coke,44005,1,4,31.88911733,-100.5297533
764,99,Texas-Anderson,44005,2,840,31.81534745,-95.65354823
759,98,Tennessee-Sullivan,44005,2,77,36.51240691,-82.30412917
742,97,Tennessee-Fayette,44005,2,235,35.19615831,-89.41399032
736,96,South Dakota-Turner,44005,0,24,43.3109081,-97.14865776
733,95,South Dakota-Mellette,44005,0,2,43.58078848,-100.7563186
724,94,South Dakota-Buffalo,44005,0,66,44.07657829,-99.20814467
717,93,South Carolina-Berkeley,44005,20,695,33.20222596,-79.94654523
963,92,Puerto Rico-Comerio,44005,0,3,18.224687,-66.221622
711,91,Pennsylvania-Pike,44005,20,480,41.33155042,-75.03208106
710,90,Pennsylvania-Northumberland,44005,4,280,40.84785433,-76.70798222
709,89,Pennsylvania-Northampton,44005,255,3293,40.75182733,-75.30471829
705,88,Pennsylvania-Lancaster,44005,350,4097,40.03904563,-76.24770128
680,87,Oregon-Douglas,44005,0,34,43.27941273,-123.167291
673,86,Oklahoma-Wagoner,44005,18,216,35.96024096,-95.51911308
638,85,Ohio-Noble,44005,0,6,39.76818851,-81.45937183
634,84,Ohio-Montgomery,44005,20,1345,39.75394919,-84.29050975
630,83,Ohio-Highland,44005,1,39,39.1839264,-83.60331456
601,82,North Carolina-Orange,44005,41,572,36.06092947,-79.12167935
589,81,North Carolina-Cumberland,44005,36,1093,35.04762133,-78.82623165
582,80,North Carolina-Caldwell,44005,4,332,35.95204977,-81.54799522
580,79,North Carolina-Bertie,44005,4,138,36.0688473,-76.96545943
573,78,New York-Warren,44005,30,262,43.56173026,-73.8433699
571,77,New York-Tompkins,44005,0,175,42.44945765,-76.47229843
569,76,New York-Rockland,44005,506,13529,41.15027894,-74.02560498
564,75,New York-Chenango,44005,5,141,42.49430041,-75.60887553
552,74,New Mexico-De Baca,44005,0,0,34.34274529,-104.4117842
549,73,New Mexico-Bernalillo,44005,82,1848,35.05163625,-106.6703554
534,72,Nebraska-Wheeler,44005,0,0,41.91482725,-98.52798941
530,71,Nebraska-Saunders,44005,2,65,41.2278103,-96.63773905
523,70,Nebraska-Keya Paha,44005,0,1,42.87990694,-99.71343729
518,69,Nebraska-Dixon,44005,1,44,42.49188363,-96.86782408
514,68,Nebraska-Burt,44005,0,11,41.85056773,-96.32605633
513,67,Nebraska-Blaine,44005,0,0,41.91311716,-99.97677845
507,66,Montana-Mineral,44005,0,0,47.15283992,-115.0015239
500,65,Montana-Deer Lodge,44005,0,3,46.05953325,-113.073353
454,64,Mississippi-Scott,44005,14,707,32.4067041,-89.53789439
452,63,Mississippi-Prentiss,44005,3,80,34.61810501,-88.51986294
451,62,Mississippi-Pontotoc,44005,3,146,34.226046,-89.03636807
447,61,Mississippi-Marshall,44005,3,144,34.76216286,-89.50299462
441,60,Mississippi-Holmes,44005,37,491,33.12345854,-90.08923538
439,59,Mississippi-Forrest,44005,42,737,31.18961454,-89.25832496
431,58,Minnesota-Rice,44005,4,758,44.3543376,-93.29658715
416,57,Michigan-Shiawassee,44005,27,265,42.953928,-84.14585902
413,56,Michigan-Otsego,44005,10,121,45.02085831,-84.59898295
412,55,Michigan-Ontonagon,44005,0,0,46.6652262,-89.31390481
409,54,Michigan-Missaukee,44005,1,24,44.33772443,-85.09256478
982,53,Massachusetts-Out of MA,44005,0,0,0,0
350,52,Kentucky-Owsley,44005,0,2,37.42823949,-83.68811419
347,51,Kentucky-Menifee,44005,0,12,37.94090733,-83.59985712
343,50,Kentucky-Leslie,44005,0,8,37.09246661,-83.37999606
317,49,Kansas-Wabaunsee,44005,0,32,38.95471985,-96.20350509
307,48,Kansas-Rooks,44005,0,6,39.35022773,-99.32484567
298,47,Kansas-Meade,44005,0,30,37.23859987,-100.364831
295,46,Kansas-Kearny,44005,1,48,38.00017981,-101.321681
272,45,Kansas-Atchison,44005,0,28,39.53185661,-95.30870026
269,44,Iowa-Warren,44005,2,214,41.33559454,-93.56007641
243,43,Iowa-Bremer,44005,6,85,42.77461496,-92.31795937
214,42,Illinois-Williamson,44005,4,95,37.73033511,-88.92994027
211,41,Illinois-Vermilion,44005,2,50,40.18417171,-87.73384359
202,40,Illinois-LaSalle,44005,16,191,41.3442613,-88.88633881
180,39,Idaho-Nez Perce,44005,19,89,46.32638236,-116.7500975
178,38,Idaho-Lewis,44005,0,0,46.23315327,-116.434146
159,37,Georgia-Rabun,44005,4,36,34.88389445,-83.40304637
156,36,Georgia-Pike,44005,3,84,33.09310242,-84.38790389
150,35,Georgia-McDuffie,44005,5,81,33.47851918,-82.48252774
146,34,Georgia-Laurens,44005,1,135,32.46325233,-82.92221316
143,33,Georgia-Johnson,44005,2,81,32.70211082,-82.66166794
141,32,Georgia-Henry,44005,31,1013,33.4533428,-84.1481466
138,31,Georgia-Greene,44005,9,90,33.5769205,-83.17139104
135,30,Georgia-Decatur,44005,8,245,30.87967778,-84.57619536
121,29,Florida-Indian River,44005,15,422,27.69308961,-80.60556721
115,28,Florida-Collier,44005,65,3375,26.11091986,-81.34687065
113,27,Delaware-New Castle,44005,275,4697,39.57992638,-75.64054974
88,26,Colorado-Jackson,44005,0,0,40.6659387,-106.3408905
86,25,Colorado-Grand,44005,0,18,40.10603347,-106.1178042
83,24,Colorado-El Paso,44005,120,2139,38.83240149,-104.5251411
72,23,California-Nevada,44005,1,82,39.30394768,-120.7627281
62,22,Arkansas-Woodruff,44005,0,6,35.18902527,-91.2439489
56,21,Arkansas-Poinsett,44005,3,53,35.57433534,-90.66268713
42,20,Arkansas-Fulton,44005,0,10,36.38177105,-91.81729127
37,19,Arkansas-Cross,44005,1,83,35.29631396,-90.77185818
33,18,Alaska-Yakutat,44005,0,1,59.8909808,-140.3601451
19,17,Alabama-Morgan,44005,2,841,34.45500589,-86.85475946
17,16,Alabama-Monroe,44005,2,165,31.56729412,-87.36995001
15,15,Alabama-Jefferson,44005,126,3241,33.55554728,-86.895063
11,14,Alabama-Escambia,44005,6,173,31.1256789,-87.15918694
10,13,Alabama-DeKalb,44005,5,460,34.45946862,-85.80782906
944,12,Wisconsin-Rusk,44004,0,11,45.47498854,-91.1333012
936,11,Wisconsin-Marquette,44004,1,10,43.81911946,-89.40073763
933,10,Wisconsin-Lafayette,44004,0,56,42.66005229,-90.1317729
932,9,Wisconsin-Jefferson,44004,4,181,43.02054068,-88.77529134
920,8,West Virginia-Wirt,44004,0,4,39.02775007,-81.37473928
913,7,West Virginia-McDowell,44004,0,6,37.38002939,-81.65083669
911,6,West Virginia-Jackson,44004,18,141,38.84263974,-81.68148753
907,5,West Virginia-Grant,44004,0,16,39.10314817,-79.19440518
884,4,Washington-Ferry,44004,0,1,48.4711431,-118.5154041
870,3,Virginia-Wise,44004,2,27,36.9746148,-82.62410519
865,2,Virginia-Tazewell,44004,0,9,37.12191123,-81.56685568
878,1,Virginia-Norton,44004,0,4,36.93357076,-82.62750411
912,671,West Virginia-Lewis,44003,1,15,38.9947249,-80.49988181
906,670,West Virginia-Gilmer,44003,0,10,38.9251277,-80.85952723
887,669,Washington-King,44003,601,9249,47.49137892,-121.8346131
886,668,Washington-Jefferson,44003,0,33,47.75003077,-123.5609704
885,667,Washington-Ferry,44003,0,1,48.4711431,-118.5154041
858,666,Virginia-Orange,44003,2,137,38.24530219,-78.015604
857,665,Virginia-Nottoway,44003,0,79,37.1435975,-78.05065922
827,664,Texas-Victoria,44003,8,247,28.79780988,-96.96813006
814,663,Texas-Nacogdoches,44003,25,259,31.62017125,-94.61803994
788,662,Texas-Hardeman,44003,0,5,34.28944521,-99.74632408
787,661,Texas-Hansford,44003,2,22,36.27743284,-101.3545796
775,660,Texas-Crosby,44003,1,7,33.61431553,-101.3000364
772,659,Texas-Coke,44003,0,4,31.88911733,-100.5297533
770,658,Texas-Callahan,44003,2,19,32.29760619,-99.37326312
768,657,Texas-Blanco,44003,1,7,30.26640707,-98.3999852
761,656,Tennessee-Sumner,44003,49,1211,36.46824103,-86.45917204
751,655,Tennessee-Marion,44003,3,53,35.12997174,-85.62265895
747,654,Tennessee-Hardeman,44003,1,260,35.20772017,-88.99161161
741,653,Tennessee-Cocke,44003,0,30,35.9278914,-83.11828725
740,652,Tennessee-Campbell,44003,1,26,36.40355516,-84.1510856
738,651,South Dakota-Turner,44003,0,24,43.3109081,-97.14865776
734,650,South Dakota-Moody,44003,0,21,44.02266214,-96.67081159
732,649,South Dakota-Lincoln,44003,1,323,43.27841182,-96.7203905
731,648,South Dakota-Kingsbury,44003,0,5,44.36956169,-97.4913945
728,647,South Dakota-Hyde,44003,0,3,44.54747703,-99.48572582
720,646,South Carolina-Lee,44003,20,254,34.16393091,-80.25690731
974,645,Puerto Rico-Vega Alta,44003,0,12,18.409346,-66.33725
959,644,Puerto Rico-Camuy,44003,0,1,18.418578,-66.860206
712,643,Pennsylvania-Somerset,44003,1,47,39.97172723,-79.02699593
700,642,Pennsylvania-Fulton,44003,1,18,39.92913544,-78.11163677
695,641,Pennsylvania-Crawford,44003,0,42,41.68447709,-80.10760592
691,640,Pennsylvania-Butler,44003,13,256,40.91152759,-79.91351055
685,639,Oregon-Multnomah,44003,68,1832,45.54747959,-122.4169351
681,638,Oregon-Gilliam,44003,0,0,45.37160076,-120.2048869
671,637,Oklahoma-Texas,44003,6,980,36.74777635,-101.4889765
665,636,Oklahoma-Mayes,44003,4,69,36.30179091,-95.23175116
657,635,Oklahoma-Custer,44003,0,49,35.63853802,-99.00170785
656,634,Oklahoma-Coal,44003,0,6,34.58840127,-96.29798747
646,633,Oklahoma-Beaver,44003,0,30,36.7496847,-100.4758872
629,632,Ohio-Harrison,44003,1,11,40.29380509,-81.09068544
624,631,Ohio-Auglaize,44003,1,90,40.55998859,-84.2242143
622,630,Ohio-Ashtabula,44003,35,407,41.70860332,-80.74830218
621,629,Ohio-Ashland,44003,1,39,40.84772277,-82.27280781
612,628,North Dakota-Pembina,44003,0,6,48.76623521,-97.5523809
605,627,North Dakota-Bottineau,44003,0,5,48.79106111,-100.8378166
588,626,North Carolina-Clay,44003,0,10,35.05704275,-83.74353633
568,625,New York-Queens,44003,7012,65680,40.71088124,-73.81684712
558,624,New Mexico-Socorro,44003,5,56,34.00715494,-106.9298354
555,623,New Mexico-Mora,44003,0,0,36.01095101,-104.9497716
551,622,New Mexico-Colfax,44003,0,9,36.60569702,-104.6472674
542,621,New Jersey-Cape May,44003,62,748,39.15008829,-74.80170244
532,620,Nebraska-Sherman,44003,0,5,41.22045983,-98.97588642
528,619,Nebraska-Rock,44003,0,0,42.42252217,-99.44832069
987,618,Nebraska-Out of NE,44003,0,0,0,0
525,617,Nebraska-Nemaha,44003,0,5,40.38514847,-95.85433992
522,616,Nebraska-Holt,44003,0,1,42.45522056,-98.78402558
521,615,Nebraska-Harlan,44003,0,0,40.17658508,-99.40438879
519,614,Nebraska-Franklin,44003,0,6,40.17636348,-98.95299073
511,613,Montana-Treasure,44003,0,0,46.2097322,-107.2666516
501,612,Montana-Flathead,44003,2,46,48.29575866,-114.0520569
489,611,Missouri-Schuyler,44003,0,4,40.46921489,-92.52311943
484,610,Missouri-Putnam,44003,0,2,40.47942497,-93.02042674
466,609,Missouri-Boone,44003,2,258,38.99186229,-92.30723575
462,608,Missouri-Adair,44003,0,85,40.19058551,-92.60078167
459,607,Mississippi-Yazoo,44003,6,354,32.77890365,-90.39656148
436,606,Mississippi-Calhoun,44003,4,83,33.93683395,-89.33686647
429,605,Minnesota-Nicollet,44003,12,108,44.35291112,-94.24710352
426,604,Minnesota-Koochiching,44003,0,9,48.24539665,-93.78352843
983,603,Michigan-Out of MI,44003,0,53,0,0
403,602,Michigan-Lake,44003,0,7,43.99050893,-85.802173
401,601,Michigan-Iron,44003,0,4,46.20974132,-88.53136251
399,600,Michigan-Dickinson,44003,2,7,46.00999672,-87.86961634
396,599,Michigan-Barry,44003,2,94,42.59513984,-85.30834519
384,598,Maryland-Harford,44003,61,1056,39.55010644,-76.3077594
373,597,Louisiana-Webster,44003,9,321,32.70847669,-93.33121835
366,596,Louisiana-Iberia,44003,42,469,29.86803617,-91.75871777
340,595,Kentucky-Kenton,44003,36,723,38.93950319,-84.53241199
338,594,Kentucky-Hancock,44003,0,11,37.83766422,-86.78280584
323,593,Kentucky-Barren,44003,2,71,36.96469836,-85.93338945
321,592,Kansas-Washington,44003,0,1,39.78420784,-97.0875323
311,591,Kansas-Sheridan,44003,0,3,39.35018161,-100.4418259
310,590,Kansas-Shawnee,44003,9,491,39.04100763,-95.7557264
294,589,Kansas-Harvey,44003,0,13,38.04293782,-97.42747573
289,588,Kansas-Ellis,44003,0,14,38.91458712,-99.31751551
282,587,Kansas-Crawford,44003,1,167,37.50675523,-94.85245778
279,586,Kansas-Clark,44003,1,34,37.23577007,-99.81883015
251,585,Iowa-Dickinson,44003,2,200,43.37787725,-95.1510206
250,584,Iowa-Des Moines,44003,2,76,40.92012606,-91.18326592
249,583,Iowa-Delaware,44003,1,33,42.47104597,-91.3664492
226,582,Indiana-Huntington,44003,2,60,40.82907273,-85.48822092
224,581,Indiana-Grant,44003,25,278,40.51587228,-85.65468702
220,580,Indiana-Daviess,44003,16,132,38.70186039,-87.07185406
219,579,Indiana-Crawford,44003,0,27,38.28814402,-86.44518825
215,578,Illinois-Woodford,44003,2,32,40.78579374,-89.20973757
190,577,Illinois-Cumberland,44003,0,10,39.27432424,-88.2401158
188,576,Illinois-Calhoun,44003,0,1,39.16840183,-90.66330078
185,575,Illinois-Bond,44003,1,12,38.88829622,-89.43534887
169,574,Georgia-Wilkes,44003,1,43,33.78290391,-82.74286107
163,573,Georgia-Towns,44003,1,36,34.91369188,-83.7410746
161,572,Georgia-Taliaferro,44003,0,2,33.56543317,-82.88136816
157,571,Georgia-Polk,44003,1,178,34.00267074,-85.18677781
139,570,Georgia-Haralson,44003,4,64,33.79602175,-85.21005667
110,569,Connecticut-New London,44003,101,1217,41.48896435,-72.10430976
102,568,Colorado-Phillips,44003,0,15,40.59414277,-102.3577703
94,567,Colorado-Las Animas,44003,0,8,37.3153406,-104.0376458
93,566,Colorado-La Plata,44003,1,86,37.28632032,-107.8429014
91,565,Colorado-Kit Carson,44003,3,31,39.30497777,-102.6022199
74,564,California-San Diego,44003,338,10796,33.03484597,-116.7365326
73,563,California-Sacramento,44003,62,2159,38.45106826,-121.3425374
71,562,California-Mono,44003,1,34,37.93899289,-118.8872409
68,561,California-Imperial,44003,38,4705,33.0393082,-115.3669042
64,560,Arkansas-Woodruff,44003,0,6,35.18902527,-91.2439489
58,559,Arkansas-Pope,44003,2,326,35.44871474,-93.03212219
48,558,Arkansas-Howard,44003,0,68,34.09007427,-93.9934871
35,557,Arkansas-Boone,44003,0,11,36.3084504,-93.09374925
30,556,Alaska-Matanuska-Susitna,44003,1,56,62.31305045,-149.5741743
21,555,Alabama-St. Clair,44003,2,210,33.71902176,-86.31029372
20,554,Alabama-Perry,44003,0,87,32.64048341,-87.29770589
16,553,Alabama-Marshall,44003,9,1096,34.36975964,-86.30486727
8,552,Alabama-Choctaw,44003,12,183,32.02227341,-88.2656443
6,551,Alabama-Cherokee,44003,6,57,34.17805983,-85.60638968
954,550,Wyoming-Weston,44002,0,1,43.83961191,-104.5674881
935,549,Wisconsin-Manitowoc,44002,1,63,44.11946801,-87.80928853
927,548,Wisconsin-Grant,44002,12,124,42.8671731,-90.7063218
916,547,West Virginia-Preston,44002,2,48,39.46770987,-79.66712803
999,546,West Virginia-Out of WV,44002,0,0,0,0
901,545,Washington-Whatcom,44002,33,496,48.82227976,-121.7490018
898,544,Washington-Stevens,44002,1,16,48.40035475,-117.8542701
881,543,Washington-Clallam,44002,0,33,48.04754642,-123.9226319
867,542,Virginia-Tazewell,44002,0,9,37.12191123,-81.56685568
864,541,Virginia-Surry,44002,1,13,37.11781893,-76.88450012
861,540,Virginia-Prince William,44002,131,6807,38.70916224,-77.48713689
877,539,Virginia-Lynchburg,44002,1,108,37.40021399,-79.19888138
841,538,Virginia-Amherst,44002,0,29,37.60308293,-79.14548696
840,537,Virginia-Alleghany,44002,2,30,37.78636074,-80.00222498
997,536,Vermont-Out of VT,44002,0,0,0,0
832,535,Utah-Duchesne,44002,0,0,40.29772254,-110.425237
818,534,Texas-Red River,44002,8,49,33.61886692,-95.04841765
806,533,Texas-McCulloch,44002,0,6,31.1925468,-99.34682807
802,532,Texas-Lavaca,44002,1,42,29.38508402,-96.93186692
757,531,Tennessee-Rutherford,44002,32,2048,35.84591405,-86.4107263
755,530,Tennessee-Rhea,44002,0,247,35.60536161,-84.93076643
746,529,Tennessee-Hamilton,44002,25,1976,35.17670231,-85.16652245
744,528,Tennessee-Gibson,44002,1,78,35.99438059,-88.93358327
726,527,South Dakota-Haakon,44002,0,0,44.29299053,-101.539099
969,526,Puerto Rico-Sabana Grande,44002,0,18,18.08282,-66.943758
961,525,Puerto Rico-Catano,44002,0,14,18.437269,-66.143306
958,524,Puerto Rico-Bayamon,44002,0,86,18.34946,-66.168435
957,523,Puerto Rico-Barceloneta,44002,0,4,18.445533,-66.560531
704,522,Pennsylvania-Lackawanna,44002,200,1593,41.43564672,-75.60379201
697,521,Pennsylvania-Fayette,44002,4,98,39.92041012,-79.64291195
687,520,Oregon-Tillamook,44002,0,6,45.46248721,-123.712066
672,519,Oklahoma-Tulsa,44002,66,2206,36.11939621,-95.94013939
649,518,Oklahoma-Beckham,44002,0,8,35.26862449,-99.68128023
642,517,Ohio-Summit,44002,163,1743,41.12464734,-81.53123079
633,516,Ohio-Mercer,44002,8,257,40.54043046,-84.62912742
619,515,North Dakota-Williams,44002,0,26,48.34522353,-103.4793387
575,514,New York-Washington,44002,14,244,43.31153794,-73.43043448
574,513,New York-Warren,44002,30,261,43.56173026,-73.8433699
567,512,New York-Ontario,44002,9,239,42.85145728,-77.30874425
554,511,New Mexico-Harding,44002,0,1,35.85751555,-103.8220938
545,510,New Jersey-Ocean,44002,845,9443,39.8895449,-74.28089251
531,509,Nebraska-Scotts Bluff,44002,2,188,41.85070896,-103.7080986
516,508,Nebraska-Colfax,44002,4,657,41.57486951,-97.0868542
515,507,Nebraska-Clay,44002,0,27,40.52439441,-98.05126296
485,506,Missouri-Randolph,44002,0,12,39.44007257,-92.4971374
482,505,Missouri-Phelps,44002,0,7,37.87736118,-91.79351727
463,504,Missouri-Barry,44002,0,31,36.70978521,-93.82919888
444,503,Mississippi-Lee,44002,14,330,34.2918775,-88.68149954
428,502,Minnesota-Mower,44002,2,784,43.67142874,-92.75234549
414,501,Michigan-Otsego,44002,10,121,45.02085831,-84.59898295
408,500,Michigan-Mason,44002,0,41,43.99509218,-86.24988902
372,499,Louisiana-Union,44002,20,375,32.83121059,-92.3749373
371,498,Louisiana-Tangipahoa,44002,42,1112,30.62888673,-90.40664996
356,497,Kentucky-Todd,44002,0,23,36.8381152,-87.17878374
349,496,Kentucky-Ohio,44002,0,171,37.47751843,-86.85368087
336,495,Kentucky-Grant,44002,4,53,38.64962758,-84.62415957
335,494,Kentucky-Garrard,44002,0,16,37.6388668,-84.53289319
326,493,Kentucky-Campbell,44002,12,225,38.94384345,-84.37875208
325,492,Kentucky-Boyd,44002,3,48,38.36176608,-82.68652187
324,491,Kentucky-Bell,44002,0,4,36.73355174,-83.67766671
320,490,Kansas-Washington,44002,0,1,39.78420784,-97.0875323
315,489,Kansas-Trego,44002,0,1,38.91467218,-99.87284448
304,488,Kansas-Phillips,44002,0,2,39.78465501,-99.34668865
302,487,Kansas-Osage,44002,0,10,38.65235984,-95.72707998
297,486,Kansas-Lane,44002,0,5,38.48119447,-100.4660754
287,485,Kansas-Douglas,44002,0,91,38.88503636,-95.2925121
276,484,Kansas-Bourbon,44002,1,9,37.85508555,-94.84865997
265,483,Iowa-Mitchell,44002,0,8,43.35638371,-92.78887719
245,482,Iowa-Bremer,44002,6,81,42.77461496,-92.31795937
238,481,Iowa-Allamakee,44002,4,121,43.28383218,-91.37860922
225,480,Indiana-Henry,44002,15,206,39.93029017,-85.39625719
222,479,Indiana-Elkhart,44002,38,2538,41.59761169,-85.85875695
213,478,Illinois-Warren,44002,0,128,40.84925021,-90.6147432
210,477,Illinois-St. Clair,44002,125,1584,38.46996033,-89.93063427
207,476,Illinois-Mercer,44002,0,19,41.20596782,-90.74290052
201,475,Illinois-Kane,44002,249,7331,41.93842729,-88.42861412
199,474,Illinois-Jasper,44002,7,46,39.01054275,-88.15437049
167,473,Georgia-Wheeler,44002,0,35,32.12009104,-82.72574721
155,472,Georgia-Pickens,44002,5,78,34.46589159,-84.46406611
956,1000,Puerto Rico-Arecibo,44000,0,17,18.406631,-66.675077
713,999,Pennsylvania-Somerset,44000,1,42,39.97172723,-79.02699593
701,998,Pennsylvania-Fulton,44000,1,17,39.92913544,-78.11163677
699,997,Pennsylvania-Franklin,44000,42,861,39.92956518,-77.72157791
677,996,Oregon-Baker,44000,0,1,44.70915557,-117.6749883
664,995,Oklahoma-Kay,44000,7,72,36.81799745,-97.14421435
662,994,Oklahoma-Johnston,44000,0,8,34.31440473,-96.66011537
660,993,Oklahoma-Harmon,44000,0,1,34.7440135,-99.84741652
658,992,Oklahoma-Garvin,44000,1,39,34.70418038,-97.30811132
653,991,Oklahoma-Canadian,44000,3,175,35.5426055,-97.98465569
652,990,Oklahoma-Caddo,44000,10,181,35.17364557,-98.37534464
650,989,Oklahoma-Beckham,44000,0,8,35.26862449,-99.68128023
647,988,Oklahoma-Beaver,44000,0,30,36.7496847,-100.4758872
645,987,Ohio-Williams,44000,0,59,41.56052014,-84.58429552
644,986,Ohio-Wayne,44000,50,316,40.82925852,-81.88844833
637,985,Ohio-Morrow,44000,1,110,40.5236356,-82.7892599
632,984,Ohio-Medina,44000,33,404,41.11770589,-81.8998621
606,983,North Dakota-Dunn,44000,0,12,47.35423935,-102.6160468
593,982,North Carolina-Jackson,44000,1,66,35.28814273,-83.14093385
577,981,New York-Westchester,44000,1410,34409,41.16278376,-73.75741653
559,980,New Mexico-Torrance,44000,1,34,34.64048375,-105.8508949
556,979,New Mexico-San Juan,44000,152,2148,36.50838318,-108.320437
990,978,New Mexico-Out of NM,44000,0,0,0,0
546,977,New Jersey-Ocean,44000,835,9378,39.8895449,-74.28089251
529,976,Nebraska-Saline,44000,2,525,40.52418865,-97.14085859
512,975,Montana-Treasure,44000,0,0,46.2097322,-107.2666516
508,974,Montana-Park,44000,0,8,45.48965095,-110.5264394
491,973,Missouri-Shelby,44000,0,1,39.79742518,-92.07634971
481,972,Missouri-Montgomery,44000,0,12,38.94022054,-91.47000721
475,971,Missouri-Lafayette,44000,2,86,39.06986886,-93.78076396
464,970,Missouri-Barry,44000,0,25,36.70978521,-93.82919888
450,969,Mississippi-Pearl River,44000,32,224,30.77090935,-89.58677275
448,968,Mississippi-Monroe,44000,26,301,33.89236763,-88.4808438
440,967,Mississippi-Grenada,44000,4,170,33.77036166,-89.80245083
435,966,Mississippi-Amite,44000,2,73,31.17467303,-90.80501621
424,965,Minnesota-Hennepin,44000,732,10512,45.00761521,-93.47694895
421,964,Minnesota-Chippewa,44000,1,62,45.02343421,-95.56403693
405,963,Michigan-Lapeer,44000,31,242,43.09052506,-83.22153148
392,962,Massachusetts-Plymouth,44000,636,8205,41.94070556,-70.80802823
375,961,Louisiana-West Carroll,44000,3,115,32.78550125,-91.461201
367,960,Louisiana-Lafayette,44000,32,1302,30.2049055,-92.06959876
363,959,Louisiana-Evangeline,44000,1,100,30.72985248,-92.39915924
362,958,Louisiana-East Feliciana,44000,32,231,30.84425359,-91.04976723
360,957,Louisiana-East Baton Rouge,44000,260,4357,30.53842039,-91.09777565
359,956,Louisiana-Calcasieu,44000,52,824,30.22931235,-93.35400434
357,955,Kentucky-Wayne,44000,0,10,36.80310688,-84.8251971
346,954,Kentucky-Marshall,44000,2,48,36.8800707,-88.32803576
284,953,Kansas-Decatur,44000,0,0,39.78468441,-100.4594081
270,952,Iowa-Wright,44000,0,310,42.73305373,-93.73515113
268,951,Iowa-Van Buren,44000,0,11,40.75326764,-91.95017958
263,950,Iowa-Marion,44000,0,41,41.33445101,-93.09934783
262,949,Iowa-Jones,44000,0,42,42.12118609,-91.13139641
261,948,Iowa-Jefferson,44000,0,46,41.03192394,-91.94849466
236,947,Indiana-Warrick,44000,29,178,38.08922676,-87.2716085
233,946,Indiana-Shelby,44000,24,408,39.52305623,-85.7915857
227,945,Indiana-Jefferson,44000,1,55,38.78576239,-85.43633383
218,944,Indiana-Clark,44000,43,585,38.48015445,-85.70510334
217,943,Indiana-Blackford,44000,2,32,40.47388153,-85.32499702
205,942,Illinois-McDonough,44000,15,100,40.45674722,-90.67775541
206,941,Illinois-Marion,44000,0,55,38.64963204,-88.91899208
198,940,Illinois-Iroquois,44000,5,142,40.74717633,-87.82466784
196,939,Illinois-Greene,44000,0,8,39.35907414,-90.388865
191,938,Illinois-De Witt,44000,0,4,40.17514519,-88.90959682
189,937,Illinois-Champaign,44000,10,761,40.13919438,-88.20046615
184,936,Idaho-Valley,44000,0,3,44.76728382,-115.5676773
182,935,Idaho-Owyhee,44000,0,20,42.58016894,-116.1693871
177,934,Idaho-Jerome,44000,3,216,42.68891267,-114.2655033
176,933,Idaho-Franklin,44000,0,17,42.18332217,-111.8149666
173,932,Idaho-Blaine,44000,5,517,43.4085812,-113.9752658
160,931,Georgia-Talbot,44000,2,53,32.69642758,-84.53351366
147,930,Georgia-Lee,44000,22,374,31.7793306,-84.14324253
145,929,Georgia-Johnson,44000,2,78,32.70211082,-82.66166794
129,928,Georgia-Atkinson,44000,2,83,31.29633502,-82.87545866
125,927,Florida-Nassau,44000,1,97,30.61037141,-81.80297522
120,926,Florida-Hamilton,44000,2,281,30.49673973,-82.94998918
119,925,Florida-Franklin,44000,0,2,29.83791238,-84.82731662
112,924,Delaware-Kent,44000,93,1584,39.08646628,-75.56884914
106,923,Colorado-Teller,44000,2,39,38.88133511,-105.1614893
104,922,Colorado-Rio Blanco,44000,0,2,39.97913541,-108.2179009
103,921,Colorado-Pitkin,44000,2,78,39.21720112,-106.9310027
100,920,Colorado-Ouray,44000,1,9,38.14717457,-107.7675136
95,919,Colorado-Las Animas,44000,0,7,37.3153406,-104.0376458
79,918,Colorado-Conejos,44000,0,7,37.201606,-106.1917488
69,917,California-Los Angeles,44000,3027,78348,34.30828379,-118.2282411
32,916,Alaska-Skagway,44000,0,0,59.56149996,-135.3337748
13,915,Alabama-Geneva,44000,0,53,31.09389027,-85.83572839
12,914,Alabama-Escambia,44000,4,139,31.1256789,-87.15918694
949,913,Wyoming-Carbon,43999,0,21,41.69357844,-106.9326084
946,912,Wisconsin-Waupaca,43999,5,82,44.47068056,-88.96534501
942,911,Wisconsin-Richland,43999,4,14,43.3762778,-90.43012729
937,910,Wisconsin-Menominee,43999,0,4,45.00422544,-88.70950714
931,909,Wisconsin-Jackson,43999,1,22,44.31864893,-90.80566792
929,908,Wisconsin-Iowa,43999,0,18,43.00050278,-90.13469017
902,907,Washington-Whitman,43999,0,30,46.90022523,-117.5241763
895,906,Washington-Pacific,43999,1,12,46.55418369,-123.7285716
998,905,Washington-Out of WA,43999,0,0,0,0
888,904,Washington-King,43999,597,8989,47.49137892,-121.8346131
862,903,Virginia-Rockbridge,43999,0,18,37.81204314,-79.44605905
853,902,Virginia-Lee,43999,0,9,36.70586667,-83.12606515
851,901,Virginia-Greene,43999,1,46,38.29545894,-78.46525378
848,900,Virginia-Franklin,43999,1,46,36.99536167,-79.88023649
836,899,Vermont-Bennington,43999,1,67,43.03519828,-73.09048868
996,898,Utah-Out of UT,43999,0,0,0,0
823,897,Texas-Trinity,43999,0,18,31.0879489,-95.1367187
817,896,Texas-Presidio,43999,0,12,29.99954402,-104.2408079
813,895,Texas-Montague,43999,1,9,33.67521893,-97.72500958
808,894,Texas-Maverick,43999,2,96,28.7429195,-100.3157686
799,893,Texas-Kaufman,43999,4,319,32.5991417,-96.28734728
798,892,Texas-Karnes,43999,0,0,28.90705334,-97.85960149
793,891,Texas-Irion,43999,0,2,31.30375559,-100.982439
790,890,Texas-Hockley,43999,1,21,33.60771256,-102.3431676
785,889,Texas-Hall,43999,1,2,34.5307555,-100.6813852
774,888,Texas-Comanche,43999,1,9,31.94854689,-98.55876441
767,887,Texas-Bee,43999,0,17,28.41761668,-97.74215593
765,886,Texas-Archer,43999,0,4,33.61569967,-98.68754589
752,885,Tennessee-Morgan,43999,1,22,36.13248031,-84.64880098
994,884,South Dakota-Out of SD,43999,0,0,0,0
719,883,South Carolina-Chester,43999,1,127,34.69249168,-81.1583216
972,882,Puerto Rico-Toa Baja,43999,0,28,18.431446,-66.213553
703,881,Pennsylvania-Greene,43999,0,28,39.85746531,-80.22357106
692,880,Pennsylvania-Cameron,43999,0,2,41.43625568,-78.20376845
688,879,Oregon-Union,43999,0,242,45.30915495,-118.0068979
682,878,Oregon-Gilliam,43999,0,0,45.37160076,-120.2048869
679,877,Oregon-Deschutes,43999,0,139,43.91570171,-121.2289121
674,876,Oklahoma-Washington,43999,38,357,36.71380786,-95.90514104
669,875,Oklahoma-Okfuskee,43999,0,6,35.46485198,-96.32639984
659,874,Oklahoma-Greer,43999,7,66,34.93535801,-99.5605612
651,873,Oklahoma-Caddo,43999,10,178,35.17364557,-98.37534464
627,872,Ohio-Delaware,43999,14,403,40.27942393,-83.00457058
615,871,North Dakota-Steele,43999,0,2,47.45611548,-97.72728747
613,870,North Dakota-Ransom,43999,0,13,46.45621782,-97.65742504
607,869,North Dakota-Golden Valley,43999,0,0,46.94022281,-103.8465421
604,868,North Carolina-Washington,43999,3,35,35.83810081,-76.57299037
603,867,North Carolina-Tyrrell,43999,0,5,35.87147226,-76.17055253
596,866,North Carolina-Lincoln,43999,0,171,35.48508185,-81.21740317
591,865,North Carolina-Halifax,43999,3,249,36.25669272,-77.6556109
590,864,North Carolina-Duplin,43999,20,1309,34.93449805,-77.93140529
572,863,New York-Tompkins,43999,0,173,42.44945765,-76.47229843
560,862,New York-Albany,43999,118,2029,42.60060306,-73.97723916
557,861,New Mexico-Sierra,43999,0,4,33.13028233,-107.1925893
540,860,New Hampshire-Rockingham,43999,81,1422,42.98499744,-71.12883377
533,859,Nebraska-Sioux,43999,0,1,42.48932059,-103.7576544
506,858,Montana-McCone,43999,0,0,47.64469406,-105.7944994
503,857,Montana-Glacier,43999,0,6,48.70513576,-112.9934235
494,856,Missouri-Taney,43999,2,27,36.65465345,-93.04075153
492,855,Missouri-Stoddard,43999,7,124,36.85571651,-89.9444155
488,854,Missouri-St. Louis,43999,516,5669,38.6377004,-90.4458375
469,853,Missouri-Christian,43999,0,30,36.9711783,-93.18537118
457,852,Mississippi-Washington,43999,9,276,33.28392041,-90.94196237
445,851,Mississippi-Leflore,43999,47,385,33.55545125,-90.29900733
443,850,Mississippi-Jefferson Davis,43999,3,86,31.56884708,-89.8267099
432,849,Minnesota-Washington,43999,37,826,45.03864533,-92.88429635
425,848,Minnesota-Hubbard,43999,0,5,47.10778564,-94.91693868
418,847,Michigan-Washtenaw,43999,101,1592,42.253105,-83.83853204
984,846,Michigan-Out of MI,43999,0,40,0,0
406,845,Michigan-Livingston,43999,28,527,42.60302282,-83.91297209
400,844,Michigan-Grand Traverse,43999,5,36,44.69565625,-85.55585247
391,843,Massachusetts-Plymouth,43999,631,8193,41.94070556,-70.80802823
389,842,Massachusetts-Middlesex,43999,1781,22191,42.48607732,-71.39049229
388,841,Massachusetts-Essex,43999,1057,15190,42.6687626,-70.94687179
376,840,Louisiana-West Feliciana,43999,14,239,30.87882871,-91.4148538
374,839,Louisiana-West Baton Rouge,43999,30,205,30.46058217,-91.30989571
369,838,Louisiana-St. Bernard,43999,23,580,29.87761636,-89.51887093
334,837,Kentucky-Franklin,43999,2,105,38.2379395,-84.87962551
329,836,Kentucky-Clay,43999,3,23,37.16451126,-83.712575
328,835,Kentucky-Clark,43999,0,78,37.9689263,-84.14615986
322,834,Kansas-Wichita,43999,0,0,38.48178252,-101.3471509
319,833,Kansas-Wallace,43999,0,0,38.91686134,-101.7638876
309,832,Kansas-Scott,43999,0,16,38.48222076,-100.9066539
308,831,Kansas-Russell,43999,0,0,38.91462787,-98.76254297
300,830,Kansas-Morton,43999,1,6,37.19141121,-101.7992519
299,829,Kansas-Meade,43999,0,30,37.23859987,-100.364831
293,828,Kansas-Greeley,43999,0,0,38.4808095,-101.8061079
290,827,Kansas-Franklin,43999,0,53,38.56443815,-95.28644341
283,826,Kansas-Decatur,43999,0,0,39.78468441,-100.4594081
275,825,Kansas-Barton,43999,1,49,38.47889676,-98.75636726
260,824,Iowa-Hamilton,43999,0,130,42.38382428,-93.70197703
255,823,Iowa-Franklin,43999,0,51,42.73270384,-93.26256925
240,822,Iowa-Appanoose,43999,3,17,40.74324454,-92.86865906
234,821,Indiana-Union,43999,0,12,39.62550777,-84.92497066
231,820,Indiana-Putnam,43999,8,158,39.66437981,-86.84517605
230,819,Indiana-Porter,43999,37,597,41.45986947,-87.06848888
221,818,Indiana-Delaware,43999,44,403,40.22787247,-85.39732772
216,817,Indiana-Adams,43999,1,28,40.7457653,-84.93671406
183,816,Idaho-Shoshone,43999,0,0,47.35364087,-115.8916749
179,815,Idaho-Lewis,43999,0,0,46.23315327,-116.434146
172,814,Hawaii-Maui,43999,6,120,20.86399628,-156.5689097
168,813,Georgia-Wilcox,43999,14,119,31.97496928,-83.43438555
165,812,Georgia-Walton,43999,25,335,33.78017694,-83.73552314
162,811,Georgia-Toombs,43999,5,129,32.12059861,-82.32957247
140,810,Georgia-Heard,43999,3,45,33.29686567,-85.12886832
137,809,Georgia-Emanuel,43999,2,47,32.59221302,-82.30239915
130,808,Georgia-Bibb,43999,36,570,32.80904227,-83.70489165
127,807,Florida-Orange,43999,48,3584,28.51367621,-81.31799498
117,806,Florida-Escambia,43999,38,1052,30.67652764,-87.37284571
116,805,Florida-DeSoto,43999,10,406,27.18677893,-81.80941373
976,804,Colorado-Out of CO,43999,0,0,0,0
99,803,Colorado-Moffat,43999,0,8,40.61810999,-108.2070876
96,802,Colorado-Lincoln,43999,0,3,38.98749519,-103.5136649
92,801,Colorado-Lake,43999,0,40,39.20278823,-106.3555697
90,800,Colorado-Kiowa,43999,0,0,38.43260896,-102.7392145
82,799,Colorado-Elbert,43999,2,54,39.28656773,-104.1358721
47,798,Arkansas-Hot Spring,43999,0,44,34.31709259,-92.95396325
41,797,Arkansas-Franklin,43999,0,9,35.51202821,-93.89299569
25,796,Alaska-Aleutians West,43999,0,4,52.3233,-174.1596
18,795,Alabama-Montgomery,43999,71,3067,32.2206831,-86.20969272
950,794,Wyoming-Crook,43998,0,6,44.58855102,-104.5697705
948,793,Wyoming-Carbon,43998,0,22,41.69357844,-106.9326084
923,792,Wisconsin-Chippewa,43998,0,63,45.06939744,-91.28068855
905,791,West Virginia-Fayette,43998,4,54,38.02974928,-81.08286634
903,790,West Virginia-Berkeley,43998,9,399,39.46704621,-78.02414609
900,789,Washington-Walla Walla,43998,2,124,46.23040051,-118.4775539
880,788,Virginia-Williamsburg,43998,5,53,37.28131268,-76.70905141
869,787,Virginia-Washington,43998,4,58,36.72341572,-81.95666289
859,786,Virginia-Page,43998,24,256,38.61807452,-78.48797204
845,785,Virginia-Buchanan,43998,0,18,37.26818323,-82.03749726
873,784,Virginia-Bristol,43998,0,4,36.6163024,-82.16359122
842,783,Virginia-Amherst,43998,0,28,37.60308293,-79.14548696
2,782,Utah-Weber-Morgan,43998,9,539,41.27116049,-111.9145117
995,781,Utah-Out of UT,43998,0,0,0,0
825,780,Texas-Uvalde,43998,0,22,29.35739637,-99.76229172
820,779,Texas-Stonewall,43998,0,0,33.17906744,-100.2538401
809,778,Texas-Menard,43998,0,0,30.88990665,-99.8204794
807,777,Texas-Mason,43998,0,34,30.71780434,-99.22629416
805,776,Texas-Limestone,43998,1,25,31.5454767,-96.58095444
803,775,Texas-Lee,43998,2,26,30.31120597,-96.97045773
800,774,Texas-Kerr,43998,1,17,30.06040006,-99.34930144
782,773,Texas-Gonzales,43998,4,141,29.45634206,-97.49424032
776,772,Texas-Dawson,43998,1,43,32.74255572,-101.9477242
766,771,Texas-Bandera,43998,0,10,29.74619598,-99.24598147
763,770,Tennessee-Van Buren,43998,0,5,35.69864497,-85.45221699
758,769,Tennessee-Smith,43998,1,42,36.25359775,-85.95411046
735,768,South Dakota-Stanley,43998,0,11,44.41381872,-100.7349153
722,767,South Dakota-Beadle,43998,6,452,44.41464384,-98.27858469
968,766,Puerto Rico-Rio Grande,43998,0,14,18.346329,-65.813742
966,765,Puerto Rico-Maunabo,43998,0,3,18.017889,-65.922235
965,764,Puerto Rico-Isabela,43998,0,14,18.44981,-67.005093
707,763,Pennsylvania-Luzerne,43998,169,2815,41.17823008,-75.98447579
698,762,Pennsylvania-Forest,43998,0,7,41.51095103,-79.23229292
693,761,Pennsylvania-Centre,43998,6,170,40.92058903,-77.82200624
690,760,Pennsylvania-Armstrong,43998,5,68,40.81665618,-79.46290811
689,759,Pennsylvania-Allegheny,43998,177,2065,40.46809875,-79.98167747
676,758,Oklahoma-Woodward,43998,0,11,36.42316318,-99.26283045
643,757,Ohio-Trumbull,43998,57,665,41.31735028,-80.76109643
636,756,Ohio-Montgomery,43998,17,1026,39.75394919,-84.29050975
626,755,Ohio-Crawford,43998,6,123,40.85065156,-82.91989099
602,754,North Carolina-Person,43998,1,85,36.38989032,-78.97217358
599,753,North Carolina-Nash,43998,4,299,35.96575634,-77.98422508
595,752,North Carolina-Lee,43998,6,609,35.47623147,-79.17569362
587,751,North Carolina-Cherokee,43998,1,30,35.1349263,-84.05970864
578,750,North Carolina-Alleghany,43998,0,30,36.49360862,-81.12857041
576,749,New York-Washington,43998,14,243,43.31153794,-73.43043448
565,748,New York-Greene,43998,18,252,42.275797,-74.12384884
563,747,New York-Chautauqua,43998,4,108,42.2276921,-79.36691763
562,746,New York-Broome,43998,52,656,42.15903158,-75.81326086
553,745,New Mexico-De Baca,43998,0,0,34.34274529,-104.4117842
550,744,New Mexico-Chaves,43998,2,59,33.36406072,-104.4665365
543,743,New Jersey-Hunterdon,43998,66,1045,40.56335249,-74.91284156
541,742,New Jersey-Camden,43998,417,7051,39.80343818,-74.96388753
535,741,Nevada-Churchill,43998,1,10,39.58105744,-118.3394607
517,740,Nebraska-Colfax,43998,4,651,41.57486951,-97.0868542
505,739,Montana-Liberty,43998,0,1,48.56084317,-111.024307
493,738,Missouri-Sullivan,43998,0,78,40.2099105,-93.11150106
486,737,Missouri-Ste. Genevieve,43998,1,14,37.89090059,-90.1949941
490,736,Missouri-Schuyler,43998,0,1,40.46921489,-92.52311943
483,735,Missouri-Pulaski,43998,1,106,37.82462075,-92.20783203
478,734,Missouri-Miller,43998,0,7,38.21450288,-92.42610898
477,733,Missouri-Linn,43998,1,11,39.87001769,-93.10704106
476,732,Missouri-Lincoln,43998,1,87,39.05345619,-90.95588181
473,731,Missouri-Jackson,43998,26,889,39.01002188,-94.34724536
467,730,Missouri-Camden,43998,1,43,38.02199522,-92.76083747
437,729,Mississippi-Carroll,43998,11,122,33.44834567,-89.91994479
430,728,Minnesota-Norman,43998,0,17,47.32628443,-96.45620947
420,727,Minnesota-Brown,43998,2,20,44.24205652,-94.72562874
404,726,Michigan-Lake,43998,0,7,43.99050893,-85.802173
394,725,Michigan-Arenac,43998,1,38,44.0636262,-83.89277559
387,724,Massachusetts-Essex,43998,1052,15152,42.6687626,-70.94687179
379,723,Maine-Somerset,43998,0,25,45.51229767,-69.95995554
377,722,Maine-Androscoggin,43998,4,428,44.1664747,-70.20380627
370,721,Louisiana-St. Tammany,43998,169,1962,30.40942847,-89.95642711
353,720,Kentucky-Russell,43998,4,38,36.99308373,-85.06070117
348,719,Kentucky-Nicholas,43998,0,4,38.33342292,-84.01889177
345,718,Kentucky-Livingston,43998,0,9,37.21137452,-88.34797529
342,717,Kentucky-Lee,43998,0,1,37.59645942,-83.71513901
339,716,Kentucky-Hancock,43998,0,9,37.83766422,-86.78280584
337,715,Kentucky-Grayson,43998,11,137,37.46231118,-86.34248968
316,714,Kansas-Trego,43998,0,1,38.91467218,-99.87284448
292,713,Kansas-Grant,43998,1,18,37.56227336,-101.3079758
280,712,Kansas-Clay,43998,2,6,39.34948772,-97.16518128
259,711,Iowa-Guthrie,43998,3,59,41.68378965,-94.50111014
254,710,Iowa-Floyd,43998,1,21,43.0600053,-92.78940097
247,709,Iowa-Cerro Gordo,43998,1,48,43.08177563,-93.2612239
212,708,Illinois-Wabash,43998,0,14,38.44272901,-87.84922065
197,707,Illinois-Hancock,43998,1,18,40.40423981,-91.16313899
174,706,Idaho-Caribou,43998,0,5,42.77149116,-111.5597683
158,705,Georgia-Quitman,43998,1,14,31.86728114,-85.01773177
979,704,Georgia-Out of GA,43998,37,2776,0,0
154,703,Georgia-Muscogee,43998,29,1078,32.50931999,-84.87142262
153,702,Georgia-Morgan,43998,0,41,33.59232073,-83.49129491
149,701,Georgia-Lincoln,43998,1,18,33.79201475,-82.45024131
142,700,Georgia-Irwin,43998,1,38,31.60213036,-83.27501387
118,699,Florida-Flagler,43998,5,208,29.45933576,-81.31508595
1000,698,Diamond Princess-York,43998,0,49,0,0
108,697,Connecticut-Hartford,43998,1330,11261,41.80283011,-72.73103891
97,696,Colorado-Logan,43998,5,633,40.7249637,-103.110817
85,695,Colorado-Fremont,43998,0,29,38.47362326,-105.4399667
84,694,Colorado-El Paso,43998,106,1960,38.83240149,-104.5251411
75,693,California-San Luis Obispo,43998,1,348,35.38822029,-120.4039028
70,692,California-Modoc,43998,0,0,41.58965602,-120.7244817
61,691,Arkansas-Sharp,43998,3,50,36.16258158,-91.47819342
54,690,Arkansas-Montgomery,43998,0,2,34.53704874,-93.65824478
50,689,Arkansas-Lawrence,43998,9,91,36.04188196,-91.10867198
38,688,Arkansas-Cross,43998,0,79,35.29631396,-90.77185818
36,687,Arkansas-Conway,43998,2,24,35.26205537,-92.70506566
31,686,Alaska-Petersburg,43998,1,4,57.13978948,-132.9540995
27,685,Alaska-Denali,43998,0,0,63.67264044,-150.0076108
953,684,Wyoming-Teton,43997,0,105,43.93522482,-110.5890801
930,683,Wisconsin-Jackson,43997,1,21,44.31864893,-90.80566792
925,682,Wisconsin-Dane,43997,32,968,43.06601594,-89.41733797
924,681,Wisconsin-Columbia,43997,1,56,43.46492199,-89.33589004
922,680,West Virginia-Wirt,43997,0,4,39.02775007,-81.37473928
899,679,Washington-Thurston,43997,3,201,46.9291895,-122.8290656
896,678,Washington-Pend Oreille,43997,0,3,48.53234021,-117.2741804
892,677,Washington-Lincoln,43997,0,2,47.57705241,-118.4194388
855,676,Virginia-Mecklenburg,43997,24,229,36.67882005,-78.36131056
850,675,Virginia-Gloucester,43997,1,38,37.40809042,-76.53524337
875,674,Virginia-Fairfax City,43997,6,67,38.85157547,-77.2977964
843,673,Virginia-Appomattox,43997,0,34,37.37569884,-78.81340003
838,672,Vermont-Franklin,43997,5,102,44.85627605,-72.91249563
777,471,Texas-Denton,43996,36,1696,33.20521901,-97.11691153
773,470,Texas-Colorado,43996,0,34,29.622098,-96.5273805
749,469,Tennessee-Jackson,43996,0,23,36.36380466,-85.67239905
748,468,Tennessee-Hickman,43996,0,60,35.80609681,-87.47643507
745,467,Tennessee-Giles,43996,0,23,35.20222469,-87.03992678
993,466,South Dakota-Out of SD,43996,0,0,0,0
729,465,South Dakota-Jones,43996,0,0,43.96278565,-100.6940008
721,464,South Carolina-Marion,43996,5,103,34.07859748,-79.36400756
716,463,South Carolina-Barnwell,43996,1,54,33.26679302,-81.43584352
967,462,Puerto Rico-Quebradillas,43996,0,19,18.439692,-66.926113
706,461,Pennsylvania-Lebanon,43996,40,1183,40.36680311,-76.45651841
694,460,Pennsylvania-Clarion,43996,2,31,41.19265812,-79.42413524
684,459,Oregon-Linn,43996,9,126,44.48899494,-122.5373154
683,458,Oregon-Josephine,43996,1,23,42.3665549,-123.5561938
667,457,Oklahoma-Noble,43996,0,14,36.38953329,-97.22928674
661,456,Oklahoma-Haskell,43996,0,6,35.222576,-95.11513306
655,455,Oklahoma-Coal,43996,0,6,34.58840127,-96.29798747
648,454,Oklahoma-Beckham,43996,0,8,35.26862449,-99.68128023
635,453,Ohio-Montgomery,43996,17,969,39.75394919,-84.29050975
631,452,Ohio-Lake,43996,18,347,41.69710807,-81.23676539
623,451,Ohio-Athens,43996,2,23,39.33425634,-82.04278644
617,450,North Dakota-Walsh,43996,0,16,48.36876964,-97.72574783
616,449,North Dakota-Stutsman,43996,0,50,46.97962541,-98.95637318
611,448,North Dakota-Pembina,43996,0,6,48.76623521,-97.5523809
610,447,North Dakota-McIntosh,43996,0,1,46.11182017,-99.44145858
609,446,North Dakota-Griggs,43996,0,1,47.45785838,-98.23850925
597,445,North Carolina-McDowell,43996,1,160,35.67736232,-82.0482425
586,444,North Carolina-Chatham,43996,37,806,35.70394416,-79.25541492
547,443,New Jersey-Salem,43996,57,706,39.58719656,-75.3469663
989,442,New Jersey-Out of NJ,43996,0,0,0,0
544,441,New Jersey-Mercer,43996,518,7359,40.28047017,-74.70479631
536,440,Nevada-Humboldt,43996,4,78,41.40692186,-118.1109427
520,439,Nebraska-Greeley,43996,0,3,41.56742671,-98.52150266
510,438,Montana-Sheridan,43996,0,0,48.72085833,-104.503829
499,437,Montana-Custer,43996,0,8,46.25319932,-105.5737526
498,436,Montana-Cascade,43996,2,18,47.30797024,-111.3467922
480,435,Missouri-Moniteau,43996,1,49,38.63571781,-92.57976951
479,434,Missouri-Mississippi,43996,0,71,36.82516239,-89.29505753
474,433,Missouri-Laclede,43996,0,9,37.65896829,-92.5888493
468,432,Missouri-Christian,43996,0,29,36.9711783,-93.18537118
461,431,Missouri-Adair,43996,0,80,40.19058551,-92.60078167
446,430,Mississippi-Marion,43996,9,141,31.23132643,-89.8209217
433,429,Mississippi-Adams,43996,17,225,31.47669768,-91.35326037
427,428,Minnesota-Lake of the Woods,43996,0,0,48.77217001,-94.90274472
411,427,Michigan-Oceana,43996,3,107,43.64124435,-86.26726673
402,426,Michigan-Kalkaska,43996,2,30,44.68512729,-85.09085699
398,425,Michigan-Clinton,43996,11,190,42.94400871,-84.60145248
397,424,Michigan-Chippewa,43996,0,3,46.29552653,-84.54353449
393,423,Massachusetts-Worcester,43996,870,11637,42.35026951,-71.90493363
386,422,Maryland-Talbot,43996,4,107,38.76618159,-76.10882561
981,421,Maryland-Out of MD,43996,0,0,0,0
382,420,Maryland-Charles,43996,83,1269,38.51092331,-76.98580666
380,419,Maine-Waldo,43996,14,55,44.4858305,-69.12061935
355,418,Kentucky-Simpson,43996,3,59,36.74058474,-86.58047435
352,417,Kentucky-Powell,43996,0,4,37.83218794,-83.82553961
333,416,Kentucky-Elliott,43996,0,1,38.11624059,-83.09771563
327,415,Kentucky-Carter,43996,0,18,38.31690743,-83.05092385
312,414,Kansas-Stanton,43996,0,9,37.56304714,-101.7843534
306,413,Kansas-Rawlins,43996,0,0,39.78525843,-101.0761617
281,412,Kansas-Comanche,43996,0,2,37.1911452,-99.27113247
274,411,Kansas-Barber,43996,0,1,37.2288586,-98.68460053
266,410,Iowa-Pocahontas,43996,0,30,42.73420133,-94.67862564
257,409,Iowa-Grundy,43996,0,23,42.40183723,-92.78829551
248,408,Iowa-Delaware,43996,1,27,42.47104597,-91.3664492
241,407,Iowa-Black Hawk,43996,53,1834,42.4704581,-92.30524729
237,406,Indiana-Whitley,43996,3,62,41.13863784,-85.50791236
232,405,Indiana-Scott,43996,3,144,38.68672078,-85.74627859
229,404,Indiana-Montgomery,43996,19,264,40.04034823,-86.89335024
228,403,Indiana-Knox,43996,0,35,38.68861576,-87.4194665
223,402,Indiana-Franklin,43996,8,120,39.4142482,-85.06062647
209,401,Illinois-St. Clair,43996,112,1446,38.46996033,-89.93063427
195,400,Illinois-Gallatin,43996,0,2,37.76430935,-88.22953869
194,399,Illinois-Fulton,43996,0,12,40.47289135,-90.20862357
187,398,Illinois-Calhoun,43996,0,1,39.16840183,-90.66330078
186,397,Illinois-Brown,43996,0,10,39.96209138,-90.75068024
181,396,Idaho-Owyhee,43996,0,8,42.58016894,-116.1693871
978,395,Georgia-Out of GA,43996,35,2807,0,0
151,394,Georgia-McDuffie,43996,5,74,33.47851918,-82.48252774
148,393,Georgia-Lincoln,43996,1,17,33.79201475,-82.45024131
144,392,Georgia-Johnson,43996,2,77,32.70211082,-82.66166794
126,391,Florida-Orange,43996,46,3130,28.51367621,-81.31799498
114,390,Florida-Citrus,43996,12,143,28.84804315,-82.47614748
977,389,District of Columbia-Out of DC,43996,0,0,0,0
101,388,Colorado-Phillips,43996,0,15,40.59414277,-102.3577703
98,387,Colorado-Mesa,43996,0,69,39.01787888,-108.469799
81,386,Colorado-Denver,43996,360,6330,39.76018276,-104.8725695
67,385,California-Imperial,43996,36,3734,33.0393082,-115.3669042
65,384,California-Calaveras,43996,0,18,38.20537103,-120.552913
60,383,Arkansas-St. Francis,43996,2,775,35.02201976,-90.74828138
49,382,Arkansas-Jackson,43996,0,15,35.59802983,-91.21494602
44,381,Arkansas-Fulton,43996,0,9,36.38177105,-91.81729127
39,380,Arkansas-Desha,43996,0,22,33.83011025,-91.25500948
28,379,Alaska-Fairbanks North Star,43996,2,98,64.80726247,-146.5692662
24,378,Alaska-Aleutians East,43996,0,1,55.32222414,-161.9722021
14,377,Alabama-Henry,43996,2,107,31.51148016,-85.24267944
945,376,Wisconsin-Waupaca,43995,4,71,44.47068056,-88.96534501
943,375,Wisconsin-Rock,43995,21,752,42.67151616,-89.071479
928,374,Wisconsin-Green Lake,43995,0,24,43.80025981,-89.04679553
918,373,West Virginia-Upshur,43995,0,7,38.89285061,-80.23689136
917,372,West Virginia-Ritchie,43995,0,2,39.18094587,-81.06356878
914,371,West Virginia-Mason,43995,0,15,38.77071799,-82.02524219
910,370,West Virginia-Hardy,43995,0,40,39.00683177,-78.85855301
908,369,West Virginia-Greenbrier,43995,0,13,37.9463652,-80.45335881
883,368,Washington-Columbia,43995,0,1,46.29442881,-117.9051983
882,367,Washington-Clark,43995,32,609,45.77568046,-122.4829204
860,366,Virginia-Prince George,43995,0,162,37.18497668,-77.22922187
854,365,Virginia-Mathews,43995,0,5,37.44164146,-76.34098896
849,364,Virginia-Gloucester,43995,1,36,37.40809042,-76.53524337
847,363,Virginia-Essex,43995,0,52,37.93357639,-76.94230311
846,362,Virginia-Craig,43995,0,6,37.48133648,-80.21072274
872,361,Virginia-Bristol,43995,0,4,36.6163024,-82.16359122
837,360,Vermont-Franklin,43995,5,102,44.85627605,-72.91249563
833,359,Utah-Iron,43995,0,0,37.8590362,-113.2897381
828,358,Texas-Walker,43995,27,1170,30.73872995,-95.57440968
824,357,Texas-Upton,43995,0,0,31.36868194,-102.0423217
815,356,Texas-Navarro,43995,3,98,32.04620681,-96.47428766
801,355,Texas-King,43995,0,1,33.61643847,-100.2558057
797,354,Texas-Jim Hogg,43995,0,1,27.04453923,-98.6968187
792,353,Texas-Houston,43995,0,58,31.31925973,-95.42226208
784,352,Texas-Hall,43995,1,2,34.5307555,-100.6813852
783,351,Texas-Guadalupe,43995,0,122,29.58165339,-97.94786822
778,350,Texas-Edwards,43995,0,0,29.98202582,-100.304252
762,349,Tennessee-Van Buren,43995,0,4,35.69864497,-85.45221699
756,348,Tennessee-Roane,43995,0,31,35.84923189,-84.52458689
753,347,Tennessee-Perry,43995,0,28,35.63708728,-87.86139634
750,346,Tennessee-McNairy,43995,0,26,35.17468549,-88.5647812
743,345,Tennessee-Fentress,43995,0,14,36.38128818,-84.92870012
737,344,South Dakota-Turner,43995,0,25,43.3109081,-97.14865776
992,343,South Dakota-Out of SD,43995,0,0,0,0
730,342,South Dakota-Kingsbury,43995,0,5,44.36956169,-97.4913945
725,341,South Dakota-Dewey,43995,0,2,45.15639647,-100.8709139
723,340,South Dakota-Brule,43995,0,9,43.71756379,-99.08118954
971,339,Puerto Rico-San German,43995,0,19,18.111484,-67.038581
962,338,Puerto Rico-Cayey,43995,0,11,18.102851,-66.14914
955,337,Puerto Rico-Aguadilla,43995,0,16,18.459681,-67.120815
708,336,Pennsylvania-Lycoming,43995,17,169,41.34310539,-77.06629984
696,335,Pennsylvania-Fayette,43995,4,90,39.92041012,-79.64291195
668,334,Oklahoma-Nowata,43995,1,25,36.79843529,-95.61902331
663,333,Oklahoma-Kay,43995,7,65,36.81799745,-97.14421435
640,332,Ohio-Seneca,43995,3,29,41.12351311,-83.12783209
620,331,Ohio-Allen,43995,29,238,40.77285242,-84.10802343
614,330,North Dakota-Steele,43995,0,2,47.45611548,-97.72728747
598,329,North Carolina-Moore,43995,11,314,35.30885257,-79.48474178
594,328,North Carolina-Jones,43995,3,26,35.02254606,-77.35870791
592,327,North Carolina-Jackson,43995,1,58,35.28814273,-83.14093385
579,326,North Carolina-Beaufort,43995,0,50,35.48531943,-76.84325809
561,325,New York-Allegany,43995,0,54,42.25748406,-78.02750466
988,324,New Hampshire-Out of NH,43995,0,0,0,0
538,323,Nevada-Washoe,43995,70,1955,40.66562265,-119.6631594
526,322,Nebraska-Pawnee,43995,0,0,40.13141096,-96.23705437
524,321,Nebraska-Lancaster,43995,10,1460,40.78416049,-96.68777155
509,320,Montana-Petroleum,43995,0,0,47.1182463,-108.2508876
504,319,Montana-Lake,43995,0,9,47.64514965,-114.0898013
502,318,Montana-Garfield,43995,0,0,47.27545948,-107.0002351
496,317,Montana-Beaverhead,43995,0,1,45.13434354,-112.8984694
487,316,Missouri-St. Louis,43995,500,5506,38.6377004,-90.4458375
986,315,Missouri-Out of MO,43995,0,0,0,0
471,314,Missouri-Gasconade,43995,0,2,38.43947277,-91.50847147
470,313,Missouri-Franklin,43995,18,166,38.41127108,-91.07522826
456,312,Mississippi-Walthall,43995,1,100,31.14971548,-90.10446654
423,311,Minnesota-Hennepin,43995,712,10069,45.00761521,-93.47694895
422,310,Minnesota-Cook,43995,0,1,47.90504893,-90.52629546
417,309,Michigan-Tuscola,43995,26,209,43.46606813,-83.41897025
407,308,Michigan-Mackinac,43995,0,8,46.07028979,-85.04980537
385,307,Maryland-St. Mary's,43995,40,578,38.30058422,-76.6062928
381,306,Maryland-Allegany,43995,17,187,39.62357628,-78.69280486
980,305,Maine-Out of ME,43995,0,0,0,0
368,304,Louisiana-Madison,43995,2,261,32.36918118,-91.23973355
361,303,Louisiana-East Feliciana,43995,32,225,30.84425359,-91.04976723
358,302,Louisiana-Calcasieu,43995,51,741,30.22931235,-93.35400434
354,301,Kentucky-Simpson,43995,3,59,36.74058474,-86.58047435
341,300,Kentucky-Lee,43995,0,1,37.59645942,-83.71513901
332,299,Kentucky-Edmonson,43995,11,65,37.21218923,-86.23955613
331,298,Kentucky-Clinton,43995,0,5,36.72581156,-85.13377529
314,297,Kansas-Sumner,43995,1,9,37.23682549,-97.47721621
277,296,Kansas-Brown,43995,0,10,39.82652589,-95.56421698
271,295,Kansas-Allen,43995,0,2,37.88582951,-95.30030847
253,294,Iowa-Floyd,43995,1,20,43.0600053,-92.78940097
244,293,Iowa-Bremer,43995,6,74,42.77461496,-92.31795937
242,292,Iowa-Boone,43995,0,95,42.03657094,-93.9313999
239,291,Iowa-Appanoose,43995,3,16,40.74324454,-92.86865906
235,290,Indiana-Vigo,43995,10,198,39.42944561,-87.39169027
203,289,Illinois-Livingston,43995,2,37,40.89188292,-88.55784752
193,288,Illinois-Ford,43995,1,22,40.59706922,-88.22350769
175,287,Idaho-Franklin,43995,0,12,42.18332217,-111.8149666
171,286,Hawaii-Honolulu,43995,11,489,21.45803166,-157.9712182
3,285,Guam-York,43995,5,183,13.4443,144.7937
136,284,Georgia-Dodge,43995,2,54,32.17265114,-83.16948926
134,283,Georgia-Dade,43995,1,48,34.8549167,-85.50490424
133,282,Georgia-Cobb,43995,215,3557,33.94243204,-84.5761255
132,281,Georgia-Chattooga,43995,2,34,34.47197698,-85.34535662
131,280,Georgia-Bleckley,43995,0,54,32.43829035,-83.33035166
128,279,Florida-Volusia,43995,47,914,29.05858895,-81.18263252
123,278,Florida-Marion,43995,8,310,29.21227113,-82.05803627
107,277,Connecticut-Fairfield,43995,1345,16277,41.26809896,-73.3881171
87,276,Colorado-Gunnison,43995,6,181,38.66611652,-107.0320729
76,275,California-Santa Cruz,43995,2,254,37.05580291,-122.0066524
66,274,California-Humboldt,43995,3,103,40.69923009,-123.876044
63,273,Arkansas-Woodruff,43995,0,3,35.18902527,-91.2439489
57,272,Arkansas-Pope,43995,2,245,35.44871474,-93.03212219
53,271,Arkansas-Montgomery,43995,0,2,34.53704874,-93.65824478
52,270,Arkansas-Logan,43995,0,18,35.21413234,-93.71951016
51,269,Arkansas-Little River,43995,0,34,33.70375665,-94.23468591
45,268,Arkansas-Garland,43995,1,161,34.57692074,-93.14921604
40,267,Arkansas-Franklin,43995,0,6,35.51202821,-93.89299569
34,266,Arkansas-Arkansas,43995,0,7,34.29145151,-91.37277296
29,265,Alaska-Juneau,43995,0,40,58.45031811,-134.200436
26,264,Alaska-Denali,43995,0,0,63.67264044,-150.0076108
7,263,Alabama-Choctaw,43995,11,174,32.02227341,-88.2656443
4,262,Alabama-Autauga,43995,6,361,32.53952745,-86.64408227
947,261,Wyoming-Campbell,43994,0,40,44.24886082,-105.5474404
915,260,West Virginia-Pleasants,43994,0,4,39.37091679,-81.16771771
891,259,Washington-Lincoln,43994,0,2,47.57705241,-118.4194388
890,258,Washington-Lewis,43994,3,37,46.57756476,-122.3925769
889,257,Washington-Kitsap,43994,2,174,47.63479026,-122.6436061
879,256,Virginia-Williamsburg,43994,5,49,37.28131268,-76.70905141
866,255,Virginia-Tazewell,43994,0,9,37.12191123,-81.56685568
844,254,Virginia-Bedford,43994,2,86,37.3080028,-79.5281964
835,253,Utah-Piute,43994,0,0,38.33815254,-112.1249591
829,252,Texas-Williamson,43994,30,997,30.64655664,-97.6004854
819,251,Texas-San Jacinto,43994,0,15,30.57933681,-95.16260304
811,250,Texas-Milam,43994,1,21,30.7858183,-96.97718698
